<?xml version="1.0" encoding="UTF-8"?>
<project-private xmlns="http://www.netbeans.org/ns/project-private/1">
    <editor-bookmarks xmlns="http://www.netbeans.org/ns/editor-bookmarks/2" lastBookmarkId="0"/>
    <open-files xmlns="http://www.netbeans.org/ns/projectui-open-files/2">
        <group>
            <file>file:/F:/OpenServer/domains/php.loc/index.php</file>
            <file>file:/F:/OpenServer/domains/php.loc/app/sidebar.php</file>
            <file>file:/F:/OpenServer/domains/php.loc/app/include/functions.php</file>
            <file>file:/F:/OpenServer/domains/php.loc/subscribe.php</file>
        </group>
    </open-files>
</project-private>
